PR,URL,Title,Content type,Is rendered page,HTTP status code,Organic traffic,Redirect chain URLs,Redirect chain URLs codes,Is redirect loop,No. of all inlinks,No. of redirect inlinks,First found at
30,http://www.styly.fr/,,text/html,false,301,0,https://www.styly.fr/,200,false,0,0,
13,https://www.styly.fr/blog/intersection-ia-realite-virtuelle-design,,,false,301,0,https://www.styly.fr/blog/intersection-ia-realite-virtuelle-design/,,false,2,0,
13,https://www.styly.fr/styly-pro,,,false,301,0,https://www.styly.fr/styly-pro/,,false,2,0,
13,https://www.styly.fr/blog/concevoir-mise-en-scene-interieure-ia-aws-styly,,,false,301,0,https://www.styly.fr/blog/concevoir-mise-en-scene-interieure-ia-aws-styly/,,false,2,0,
13,https://www.styly.fr/blog/assistant-ia-design-interieur-prompts-chatgpt,,,false,301,0,https://www.styly.fr/blog/assistant-ia-design-interieur-prompts-chatgpt/,,false,2,0,
13,https://www.styly.fr/blog/10-conseils-experts-economiser-decoration-interieure-2025,,,false,301,0,https://www.styly.fr/blog/10-conseils-experts-economiser-decoration-interieure-2025/,,false,2,0,
13,https://www.styly.fr/video,,,false,301,0,https://www.styly.fr/video/,,false,2,0,
13,https://www.styly.fr/collaborateurs,,,false,301,0,https://www.styly.fr/collaborateurs/,,false,2,0,
13,https://www.styly.fr/upload,,,false,301,0,https://www.styly.fr/upload/,,false,2,0,
13,https://www.styly.fr/confidentialite,,,false,301,0,https://www.styly.fr/confidentialite/,,false,2,0,
13,https://www.styly.fr/conditions,,,false,301,0,https://www.styly.fr/conditions/,,false,2,0,
13,https://www.styly.fr/blog/logiciel-gratuit-design-interieur-ia,,,false,301,0,https://www.styly.fr/blog/logiciel-gratuit-design-interieur-ia/,,false,2,0,
13,https://www.styly.fr/pricing,,,false,301,0,https://www.styly.fr/pricing/,,false,2,0,
13,https://www.styly.fr/blog/impact-ia-role-designer-interieur,,,false,301,0,https://www.styly.fr/blog/impact-ia-role-designer-interieur/,,false,2,0,
13,https://www.styly.fr/blog/comment-generation-images-ia-peut-inspirer-design-interieur-2024,,,false,301,0,https://www.styly.fr/blog/comment-generation-images-ia-peut-inspirer-design-interieur-2024/,,false,2,0,
13,https://www.styly.fr/get-started,,,false,301,0,https://www.styly.fr/get-started/,,false,2,0,
13,https://www.styly.fr/services-api,,,false,301,0,https://www.styly.fr/services-api/,,false,2,0,
13,https://www.styly.fr/blog/styly-viva-technology-avenir-design-ia,,,false,301,0,https://www.styly.fr/blog/styly-viva-technology-avenir-design-ia/,,false,2,0,
13,https://www.styly.fr/blog/design-durabilite-ia-espaces-eco-responsables,,,false,301,0,https://www.styly.fr/blog/design-durabilite-ia-espaces-eco-responsables/,,false,2,0,
13,https://www.styly.fr/blog/role-donnees-design-alimente-ia,,,false,301,0,https://www.styly.fr/blog/role-donnees-design-alimente-ia/,,false,2,0,
13,https://www.styly.fr/blog/tendances-design-interieur-2025,,,false,301,0,https://www.styly.fr/blog/tendances-design-interieur-2025/,,false,2,0,
13,https://www.styly.fr/blog/science-couleur-design-comment-ia-aide-choisir-palette-parfaite,,,false,301,0,https://www.styly.fr/blog/science-couleur-design-comment-ia-aide-choisir-palette-parfaite/,,false,2,0,
13,https://www.styly.fr/blog/chatgpt-peut-il-concevoir-votre-maison-ia-design-interieur,,,false,301,0,https://www.styly.fr/blog/chatgpt-peut-il-concevoir-votre-maison-ia-design-interieur/,,false,2,0,
13,https://www.styly.fr/blog,,,false,301,0,https://www.styly.fr/blog/,,false,2,0,
0,https://www.styly.fr/blog/design-famille-moderne-ia-maisons-fonctionnelles,,,false,301,0,https://www.styly.fr/blog/design-famille-moderne-ia-maisons-fonctionnelles/,,false,0,0,
0,https://www.styly.fr/blog/comment-ia-generative-revolutionne-design-interieur,,,false,301,0,https://www.styly.fr/blog/comment-ia-generative-revolutionne-design-interieur/,,false,0,0,
0,https://www.styly.fr/blog/6-prompts-viraux-design-chambre-ia-styly,,,false,301,0,https://www.styly.fr/blog/6-prompts-viraux-design-chambre-ia-styly/,,false,0,0,
0,https://www.styly.fr/blog/ia-design-accessible-espaces-inclusifs,,,false,301,0,https://www.styly.fr/blog/ia-design-accessible-espaces-inclusifs/,,false,0,0,
0,https://www.styly.fr/blog/exploiter-ia-optimiser-planification-espace-petits-appartements,,,false,301,0,https://www.styly.fr/blog/exploiter-ia-optimiser-planification-espace-petits-appartements/,,false,0,0,
0,https://www.styly.fr/blog/besoin-salle-bain-luxueuse-budget-voici-comment,,,false,301,0,https://www.styly.fr/blog/besoin-salle-bain-luxueuse-budget-voici-comment/,,false,0,0,
